coef,intercept,pvalue,age_min,age_max,n_participants,n_trials
0.1466427192732864,-1.5386040662331784,0.1969117371776955,7.0,11.0,38,122
