cohort,mean_latency_frames,sem_latency_frames,mean_latency_ms,sem_latency_ms,mean_latency_seconds,sem_latency_seconds,trials
7-month-olds,84.66666666666667,5.819030083365363,2822.222222222222,193.96766944551212,2.822222222222222,0.1939676694455121,9
8-month-olds,80.5,3.2463654891106897,2683.333333333333,108.21218297035632,2.683333333333333,0.10821218297035631,10
9-month-olds,77.28571428571429,3.385643961495893,2576.190476190476,112.85479871652976,2.5761904761904764,0.11285479871652976,7
10-month-olds,80.85714285714286,4.5426636215605845,2695.2380952380954,151.42212071868616,2.6952380952380954,0.15142212071868613,14
11-month-olds,81.8,4.264136154352618,2726.6666666666665,142.13787181175397,2.7266666666666666,0.14213787181175397,15
Adults,81.71428571428571,2.6601394038227055,2723.809523809524,88.67131346075683,2.723809523809524,0.08867131346075685,28
