cohort,mean_latency_frames,sem_latency_frames,mean_latency_ms,sem_latency_ms,mean_latency_seconds,sem_latency_seconds,trials
7-month-olds,82.1,5.5526770320469945,2736.666666666667,185.08923440156647,2.736666666666667,0.1850892344015665,10
8-month-olds,77.63636363636364,2.505531071532186,2587.878787878788,83.5177023844062,2.587878787878788,0.08351770238440616,11
9-month-olds,77.625,5.567563906875507,2587.5,185.58546356251685,2.5875,0.18558546356251687,8
10-month-olds,81.33333333333333,4.379243973310665,2711.111111111111,145.9747991103555,2.711111111111111,0.1459747991103555,15
11-month-olds,81.2,4.036971991126871,2706.6666666666665,134.56573303756238,2.7066666666666666,0.1345657330375624,15
Adults,81.38709677419355,2.814202619874648,2712.9032258064517,93.8067539958216,2.7129032258064516,0.09380675399582158,31
