coef,intercept,pvalue,age_min,age_max,n_participants,n_trials
0.10316144058004087,-1.0079701021758496,0.3532099484532676,7.0,11.0,38,122
