coef,intercept,pvalue,age_min,age_max,n_participants,n_trials
1.144482366325368,7.3978005309063475,0.27109839769943966,7,11,37,90
