cohort,mean_latency_frames,sem_latency_frames,mean_latency_ms,sem_latency_ms,mean_latency_seconds,sem_latency_seconds,trials
7-month-olds,12.928571428571429,2.9677095280728083,430.9523809523809,98.92365093576025,0.4309523809523809,0.09892365093576028,14
8-month-olds,14.916666666666666,2.728797974170749,497.2222222222222,90.9599324723583,0.49722222222222223,0.09095993247235831,12
9-month-olds,22.818181818181817,1.8229375033947155,760.6060606060605,60.76458344649051,0.7606060606060606,0.06076458344649053,22
10-month-olds,17.896551724137932,2.1911964630921403,596.551724137931,73.03988210307135,0.596551724137931,0.07303988210307134,29
11-month-olds,17.615384615384617,2.363012151890099,587.1794871794872,78.76707172966998,0.5871794871794872,0.07876707172966999,13
Adults,4.0,0.933503385868831,133.33333333333334,31.116779528961022,0.13333333333333333,0.031116779528961042,36
