cohort,mean_latency_frames,sem_latency_frames,mean_latency_ms,sem_latency_ms,mean_latency_seconds,sem_latency_seconds,trials
7-month-olds,12.928571428571429,2.9677095280728083,430.9523809523809,98.92365093576025,0.4309523809523809,0.09892365093576028,14
8-month-olds,15.416666666666666,2.808154611703622,513.8888888888888,93.60515372345408,0.513888888888889,0.0936051537234541,12
9-month-olds,21.80952380952381,1.4419217461414005,726.984126984127,48.06405820471335,0.726984126984127,0.04806405820471335,21
10-month-olds,18.482758620689655,2.1482153720856196,616.0919540229886,71.60717906952064,0.6160919540229886,0.07160717906952067,29
11-month-olds,18.666666666666668,2.3006367146790674,622.2222222222223,76.68789048930228,0.6222222222222222,0.07668789048930226,12
Adults,4.0,0.933503385868831,133.33333333333334,31.116779528961022,0.13333333333333333,0.031116779528961042,36
