coef,intercept,pvalue,age_min,age_max,n_participants,n_trials
1.4187912000635396,5.021285044873302,0.16524028519745437,7,11,36,88
