cohort,social_verification_mean,object_face_linking_mean,mechanical_tracking_mean
10-month-olds,0.16447876447876447,0.33374088374088373,0.2765336765336765
11-month-olds,0.20238095238095238,0.4034126984126984,0.15063492063492062
7-month-olds,0.08129251700680272,0.19591836734693877,0.516156462585034
8-month-olds,0.03333333333333333,0.25,0.5611111111111111
9-month-olds,0.12051282051282051,0.5166666666666667,0.18717948717948715
Adults,0.2650297619047619,0.3783333333333333,0.2855059523809524
