cohort,agent_agent_attention_mean,agent_object_binding_mean,motion_tracking_mean
10-month-olds,0.17715572715572714,0.3405619905619906,0.2781424281424281
11-month-olds,0.1725925925925926,0.4168518518518518,0.1148148148148148
7-month-olds,0.058333333333333334,0.19999999999999998,0.5083333333333334
8-month-olds,0.060000000000000005,0.1688888888888889,0.5333333333333333
9-month-olds,0.12692307692307692,0.4653846153846154,0.2
Adults,0.2600595238095238,0.3696230158730159,0.2932440476190476
