coef,intercept,pvalue,age_min,age_max,n_participants,n_trials
0.207431278108683,-1.187264354827877,0.09089001852377189,7.0,11.0,33,101
