coef,intercept,pvalue,age_min,age_max,n_participants,n_trials
0.19248327505222734,-1.183956877780041,0.15412967698288074,7.0,11.0,33,101
