cohort,social_verification_mean,object_face_linking_mean,mechanical_tracking_mean
10-month-olds,0.20285714285714285,0.3477248677248677,0.22994708994708993
11-month-olds,0.18223443223443223,0.42701465201465194,0.13534798534798534
7-month-olds,0.1138095238095238,0.2742857142857143,0.4726190476190476
8-month-olds,0.0,0.23717948717948717,0.6217948717948718
9-month-olds,0.1,0.5981481481481481,0.14074074074074072
Adults,0.2718253968253968,0.38803418803418804,0.2671855921855922
